{
  "project_info": {
    "project_number": "600716407987",
    "project_id": "smart-trashbin-monitoring",
    "storage_bucket": "smart-trashbin-monitoring.appspot.com"
  },
  "client": [
    {
      "client_info": {
        "mobilesdk_app_id": "1:600716407987:android:48714aca91771ae9c5ecc6",
        "android_client_info": {
          "package_name": "com.example.smarttrashbin"
        }
      },
      "oauth_client": [],
      "api_key": [
        {
          "current_key": "AIzaSyCC0pqAbT8p_17fxkZN0iSbrYNqZHxh9NQ"
        }
      ],
      "services": {
        "appinvite_service": {
          "other_platform_oauth_client": []
        }
      }
    },
    {
      "client_info": {
        "mobilesdk_app_id": "1:600716407987:android:7e20f8de26219bd3c5ecc6",
        "android_client_info": {
          "package_name": "com.example.smarttrushbinmonitoring"
        }
      },
      "oauth_client": [],
      "api_key": [
        {
          "current_key": "AIzaSyCC0pqAbT8p_17fxkZN0iSbrYNqZHxh9NQ"
        }
      ],
      "services": {
        "appinvite_service": {
          "other_platform_oauth_client": []
        }
      }
    }
  ],
  "configuration_version": "1"
}